Workbook

Sheet Executive Dashboard
A1: AI-Assisted Incident Management - Executive Dashboard
A2: AI Incident Triage & Response Coordinator | 16-week implementation plan
A4: Program KPI | B4: Baseline | C4: Target | E4: Phase | F4: Weeks | G4: Primary Outcome | H4: Planned Status
A5: MTTR | B5: 120 min | C5: 84 min | E5: Discovery & Design | F5: W1-W2 | G5: Requirements, architecture, integrations, governance, success metrics | H5: Planned
A6: Ownership Identification | B6: 20 min | C6: < 5 min | E6: Prototype Development | F6: W3-W5 | G6: MVP: incident summary, ownership recommendation, runbook search | H6: Planned
A7: Context Gathering | B7: 30 min | C7: < 3 min | E7: Sev-2 Pilot | F7: W6-W8 | G7: Controlled pilot, accuracy and trust validation, MTTR measurement | H7: Planned
A8: Executive Updates | B8: 15 min | C8: < 2 min | E8: Production Rollout | F8: W9-W12 | G8: Sev-1 and Sev-2 rollout, training, support and controls | H8: Planned
A9: RCA Creation | B9: 4 hrs | C9: < 30 min | E9: Optimization | F9: W13-W16 | G9: RCA drafting, timeline scribing, analytics and executive dashboard | H9: Planned
A10: Escalation Accuracy | B10: 70% | C10: > 90%
A11: Runbook Utilization | B11: 40% | C11: > 80%
A14: Health Measure | B14: Current | D14: Leadership Control Snapshot
A15: Total roadmap records | B15: 54 | D15: Program Guardrail | E15: AI recommends only; humans approve all production actions
A16: Critical-path records | B16: =COUNTIF('Detailed Program Tracker'!L:L,"Yes") -> 33 | D16: Pilot Scope | E16: Sev-2 incidents in shadow and assisted modes
A17: Tasks complete | B17: =COUNTIF('Detailed Program Tracker'!M:M,"Complete") -> 0 | D17: Pilot Exit | E17: Recommendation accuracy >= 80% plus positive responder feedback
A18: Tasks blocked | B18: =COUNTIF('Detailed Program Tracker'!M:M,"Blocked") -> 0 | D18: Security Model | E18: Read-only integrations, RBAC and auditable recommendations
A19: Open Red risks | B19: =COUNTIF('RAID Register'!G:G,"Red") -> 6 | D19: Production Scope | E19: Controlled Sev-1 and Sev-2 enablement after pilot approval
A20: Gates ready | B20: =COUNTIF('Gate Readiness'!I5:I9,"Green") -> 0 | D20: Success Measure | E20: Operational outcomes, not AI usage alone

Sheet Executive Roadmap
A1: AI-Assisted Incident Management - Executive Roadmap
A2: Progressive delivery from discovery through controlled production rollout and optimization
A4: Phase | B4: Weeks | C4: Milestone | D4: Primary Outcomes | E4: Capabilities Introduced | F4: Approval Gate | G4: Gate Owner | H4: Human Control | I4: Planned Status
A5: Discovery & Design | B5: W1-W2 | C5: Design Ready | D5: Requirements, architecture, integrations, governance, success metrics | E5: Scope, architecture, baselines and controls | F5: GATE-DESIGN | G5: Steering Committee | H5: Human approval required for all production actions | I5: Planned
A6: Prototype Development | B6: W3-W5 | C6: MVP Ready for Pilot | D6: MVP: incident summary, ownership recommendation, runbook search | E6: Summarization, ownership and runbook search | F6: GATE-MVP | G6: Steering Committee | H6: Human approval required for all production actions | I6: Planned
A7: Sev-2 Pilot | B7: W6-W8 | C7: Pilot Success | D7: Controlled pilot, accuracy and trust validation, MTTR measurement | E7: Sev-2 recommendations in shadow/assisted mode | F7: GATE-PILOT | G7: Steering Committee | H7: Human approval required for all production actions | I7: Planned
A8: Production Rollout | B8: W9-W12 | C8: Production Accepted | D8: Sev-1 and Sev-2 rollout, training, support and controls | E8: Sev-1 and Sev-2 production enablement | F8: GATE-PROD | G8: Executive Sponsor / SRE | H8: Human approval required for all production actions | I8: Planned
A9: Optimization | B9: W13-W16 | C9: Program Complete | D9: RCA drafting, timeline scribing, analytics and executive dashboard | E9: RCA, timeline scribing, analytics and model governance | F9: GATE-CLOSE | G9: Executive Sponsor | H9: Human approval required for all production actions | I9: Planned

Sheet Detailed Program Tracker
A1: Detailed Program Tracker
A2: Integrated execution plan. AI provides recommendations only; production actions remain human-approved.
A4: Month | B4: Phase | C4: Task ID | D4: Workstream | E4: Task / Milestone | F4: Owner | G4: Type | H4: Start Wk | I4: Duration | J4: End Wk | K4: Predecessors | L4: Critical Path | M4: Status | N4: Deliverable / Evidence | O4: % Complete | P4: RAG | Q4: Actual Start Wk | R4: Forecast Finish Wk | S4: Actual Finish Wk | T4: Variance (Wks) | U4: TPM Notes / Recovery Plan
A5: M1 | B5: Program Governance | C5: PM-01 | D5: Program Management | E5: Program kickoff, charter, decision rights and operating cadence | F5: TPM | G5: Task | H5: 1 | I5: 1 | J5: 1 | L5: No | M5: Not Started | N5: Approved charter and governance calendar | O5: 0 | P5: Grey | T5: =IF(S5<>"",S5-J5,IF(R5<>"",R5-J5,""))
A6: M1 | B6: Program Governance | C6: PM-02 | D6: Program Management | E6: Stand up RAID, dependency, decision and action logs | F6: TPM | G6: Task | H6: 1 | I6: 1 | J6: 1 | K6: PM-01 | L6: No | M6: Not Started | N6: Program controls active | O6: 0 | P6: Grey | T6: =IF(S6<>"",S6-J6,IF(R6<>"",R6-J6,""))
A7: M1-M4 | B7: Program Governance | C7: PM-03 | D7: Program Management | E7: Weekly delivery review and bi-weekly steering committee | F7: TPM | G7: Recurring | H7: 1 | I7: 16 | J7: 16 | K7: PM-01 | L7: No | M7: Not Started | N7: Status reports and decision log | O7: 0 | P7: Grey | T7: =IF(S7<>"",S7-J7,IF(R7<>"",R7-J7,""))
A8: M1-M4 | B8: Program Governance | C8: PM-04 | D8: Program Management | E8: Monthly KPI and value-realization review | F8: TPM / SRE Lead | G8: Recurring | H8: 4 | I8: 13 | J8: 16 | K8: PM-01 | L8: No | M8: Not Started | N8: KPI scorecard | O8: 0 | P8: Grey | T8: =IF(S8<>"",S8-J8,IF(R8<>"",R8-J8,""))
A9: M1 | B9: Discovery & Design | C9: DD-01 | D9: Incident Process | E9: Review Sev-1 and Sev-2 incident lifecycle and pain points | F9: TPM / SRE | G9: Task | H9: 1 | I9: 1 | J9: 1 | K9: PM-01 | L9: Yes | M9: Not Started | N9: Current-state process map | O9: 0 | P9: Grey | T9: =IF(S9<>"",S9-J9,IF(R9<>"",R9-J9,""))
A10: M1 | B10: Discovery & Design | C10: DD-02 | D10: Data & Knowledge | E10: Analyze historical incidents, RCAs and problem records | F10: SRE / Data Analyst | G10: Task | H10: 1 | I10: 2 | J10: 2 | K10: DD-01 | L10: No | M10: Not Started | N10: Historical incident analysis | O10: 0 | P10: Grey | T10: =IF(S10<>"",S10-J10,IF(R10<>"",R10-J10,""))
A11: M1 | B11: Discovery & Design | C11: DD-03 | D11: Architecture | E11: Inventory monitoring, incident, CMDB, change and knowledge integrations | F11: AI Architect | G11: Task | H11: 1 | I11: 2 | J11: 2 | K11: DD-01 | L11: Yes | M11: Not Started | N11: Integration inventory | O11: 0 | P11: Grey | T11: =IF(S11<>"",S11-J11,IF(R11<>"",R11-J11,""))
A12: M1 | B12: Discovery & Design | C12: DD-04 | D12: Security | E12: Define read-only access, RBAC, audit logging and data-handling controls | F12: Security Lead | G12: Task | H12: 1 | I12: 2 | J12: 2 | K12: DD-03 | L12: Yes | M12: Not Started | N12: Security control design | O12: 0 | P12: Grey | T12: =IF(S12<>"",S12-J12,IF(R12<>"",R12-J12,""))
A13: M1 | B13: Discovery & Design | C13: DD-05 | D13: Product | E13: Define personas, use cases, in-scope and out-of-scope boundaries | F13: TPM / SRE | G13: Task | H13: 1 | I13: 1 | J13: 1 | K13: DD-01 | L13: No | M13: Not Started | N13: Approved scope | O13: 0 | P13: Grey | T13: =IF(S13<>"",S13-J13,IF(R13<>"",R13-J13,""))
A14: M1 | B14: Discovery & Design | C14: DD-06 | D14: Measurement | E14: Baseline MTTR, ownership, context, comms, RCA and runbook metrics | F14: SRE / TPM | G14: Task | H14: 1 | I14: 2 | J14: 2 | K14: DD-02 | L14: Yes | M14: Not Started | N14: Baseline KPI report | O14: 0 | P14: Grey | T14: =IF(S14<>"",S14-J14,IF(R14<>"",R14-J14,""))
A15: M1 | B15: Discovery & Design | C15: DD-07 | D15: AI Governance | E15: Define human-in-the-loop, confidence, evidence and audit requirements | F15: Security / SRE | G15: Task | H15: 2 | I15: 1 | J15: 2 | K15: DD-04 | L15: Yes | M15: Not Started | N15: Responsible AI controls | O15: 0 | P15: Grey | T15: =IF(S15<>"",S15-J15,IF(R15<>"",R15-J15,""))
A16: M1 | B16: Discovery & Design | C16: DD-08 | D16: Architecture | E16: Complete target architecture and model/vendor decision | F16: AI Architect | G16: Task | H16: 2 | I16: 1 | J16: 2 | K16: DD-03, DD-04 | L16: No | M16: Not Started | N16: Approved architecture | O16: 0 | P16: Grey | T16: =IF(S16<>"",S16-J16,IF(R16<>"",R16-J16,""))
A17: M1 | B17: Discovery & Design | C17: DD-09 | D17: Program Management | E17: Approve requirements, architecture and success metrics | F17: Steering Committee | G17: Gate | H17: 2 | I17: 1 | J17: 2 | K17: DD-06, DD-07, DD-08 | L17: Yes | M17: Not Started | N17: Design approval | O17: 0 | P17: Grey | T17: =IF(S17<>"",S17-J17,IF(R17<>"",R17-J17,""))
... A58: M4 | B58: Optimization | C58: GATE-CLOSE | D58: Program Management | E58: PROGRAM COMPLETE | F58: Executive Sponsor | G58: Gate | H58: 16 | I58: 1 | J58: 16 | K58: OP-08 | L58: Yes | M58: Not Started | N58: Program closure | O58: 0 | P58: Grey | T58: =IF(S58<>"",S58-J58,IF(R58<>"",R58-J58,""))

Sheet Capability Tracker
A1: AI Capability & Control Tracker
A2: Capability delivery, data sources, outputs and mandatory human controls
A4: Capability | B4: Phase | C4: Primary Data Sources | D4: AI Output | E4: User | F4: Confidence Required | G4: Evidence Displayed | H4: Human Approval | I4: Delivery Status | J4: Owner
A5: Incident Context Aggregation | B5: Prototype | C5: Alerts, logs, metrics, traces, dependencies | D5: Single incident context summary | E5: Incident Commander | F5: Yes | G5: Yes | H5: Required for actions | I5: Not Started | J5: AI Engineering
A6: Ownership Recommendation | B6: Prototype | C6: CMDB, service ownership, on-call schedules | D6: Primary and secondary resolver teams | E6: Incident Commander | F6: Yes | G6: Yes | H6: Required | I6: Not Started | J6: AI Engineering / SRE
A7: Change Correlation | B7: Production | C7: Deployments, infrastructure and configuration changes | D7: Recent-change candidates | E7: SRE Engineers | F7: Yes | G7: Yes | H7: Required | I7: Not Started | J7: Integration Engineering
A8: Historical Incident Discovery | B8: Prototype | C8: Incidents, RCAs, problem records | D8: Similar incidents and prior mitigations | E8: SRE Engineers | F8: Yes | G8: Yes | H8: Required | I8: Not Started | J8: Knowledge Manager
A9: Runbook Discovery | B9: Prototype | C9: Approved runbooks and troubleshooting guides | D9: Relevant runbook suggestions | E9: SRE Engineers | F9: Yes | G9: Yes | H9: Required | I9: Not Started | J9: Knowledge Manager
A10: Executive Communications | B10: Production | C10: Incident context and impact data | D10: Draft status and leadership updates | E10: Leadership | F10: Yes | G10: Yes | H10: Incident Commander approval | I10: Not Started | J10: TPM / SRE
A11: RCA Drafting | B11: Optimization | C11: Timeline, logs, decisions and actions | D11: Draft RCA and action items | E11: SRE / App Teams | F11: Yes | G11: Yes | H11: Engineering review | I11: Not Started | J11: AI Engineering
A12: Incident Timeline Scribing | B12: Optimization | C12: Incident events, decisions and status updates | D12: Real-time incident timeline | E12: Incident Commander | F12: Yes | G12: Yes | H12: Incident Commander review | I12: Not Started | J12: AI Engineering

Sheet Gate Readiness
A1: Milestone & Gate Readiness
A2: Summary is calculated from the Gate Criteria Checklist.
A4: Gate ID | B4: Decision Point | C4: Target Week | D4: Approver | E4: # Criteria | F4: # Complete | G4: Readiness % | H4: RAG | I4: Decision / Notes | J4: Evidence Owner
A5: GATE-DESIGN | B5: DESIGN READY | C5: 2 | D5: Steering Committee | E5: =COUNTIF('Gate Criteria Checklist'!A:A,A5) -> 5 | F5: =COUNTIFS('Gate Criteria Checklist'!A:A,A5,'Gate Criteria Checklist'!F:F,"Complete") -> 0 | G5: =IF(E5=0,0,F5/E5) -> 0 | H5: =IF(F5=0,"Not Started",IF(G5=1,"Green",IF(G5>=0.75,"Amber","Red"))) -> Not Started | J5: TPM
A6: GATE-MVP | B6: MVP READY FOR PILOT | C6: 5 | D6: Steering Committee | E6: =COUNTIF('Gate Criteria Checklist'!A:A,A6) -> 5 | F6: =COUNTIFS('Gate Criteria Checklist'!A:A,A6,'Gate Criteria Checklist'!F:F,"Complete") -> 0 | G6: =IF(E6=0,0,F6/E6) -> 0 | H6: =IF(F6=0,"Not Started",IF(G6=1,"Green",IF(G6>=0.75,"Amber","Red"))) -> Not Started | J6: TPM
A7: GATE-PILOT | B7: PILOT SUCCESS | C7: 8 | D7: Steering Committee | E7: =COUNTIF('Gate Criteria Checklist'!A:A,A7) -> 5 | F7: =COUNTIFS('Gate Criteria Checklist'!A:A,A7,'Gate Criteria Checklist'!F:F,"Complete") -> 0 | G7: =IF(E7=0,0,F7/E7) -> 0 | H7: =IF(F7=0,"Not Started",IF(G7=1,"Green",IF(G7>=0.75,"Amber","Red"))) -> Not Started | J7: TPM
A8: GATE-PROD | B8: PRODUCTION ACCEPTED | C8: 12 | D8: Executive Sponsor / SRE | E8: =COUNTIF('Gate Criteria Checklist'!A:A,A8) -> 5 | F8: =COUNTIFS('Gate Criteria Checklist'!A:A,A8,'Gate Criteria Checklist'!F:F,"Complete") -> 0 | G8: =IF(E8=0,0,F8/E8) -> 0 | H8: =IF(F8=0,"Not Started",IF(G8=1,"Green",IF(G8>=0.75,"Amber","Red"))) -> Not Started | J8: TPM
A9: GATE-CLOSE | B9: PROGRAM COMPLETE | C9: 16 | D9: Executive Sponsor | E9: =COUNTIF('Gate Criteria Checklist'!A:A,A9) -> 5 | F9: =COUNTIFS('Gate Criteria Checklist'!A:A,A9,'Gate Criteria Checklist'!F:F,"Complete") -> 0 | G9: =IF(E9=0,0,F9/E9) -> 0 | H9: =IF(F9=0,"Not Started",IF(G9=1,"Green",IF(G9>=0.75,"Amber","Red"))) -> Not Started | J9: TPM
A11: RAG Logic
A12: Not Started | B12: 0 criteria complete
A13: Red | B13: 1%-74% complete
A14: Amber | B14: 75%-99% complete
A15: Green | B15: 100% complete

Sheet Gate Criteria Checklist
A1: Gate Exit-Criteria Checklist
A2: Update the Status and Evidence Link columns. Gate Readiness recalculates automatically.
A4: Gate ID | B4: Exit Criterion | C4: Owner | D4: Evidence / Artefact | E4: Source | F4: Status | G4: Comments / Evidence Link
A5: GATE-DESIGN | B5: Requirements and use cases approved | C5: TPM | D5: Required approval or test evidence | E5: Program Plan | F5: Not Started
A6: GATE-DESIGN | B6: Architecture and integrations approved | C6: AI Architect | D6: Required approval or test evidence | E6: Program Plan | F6: Not Started
A7: GATE-DESIGN | B7: Baseline KPIs established | C7: SRE Lead | D7: Required approval or test evidence | E7: Program Plan | F7: Not Started
A8: GATE-DESIGN | B8: Human-in-the-loop controls approved | C8: Security Lead | D8: Required approval or test evidence | E8: Program Plan | F8: Not Started
A9: GATE-DESIGN | B9: Read-only access design approved | C9: Security Lead | D9: Required approval or test evidence | E9: Program Plan | F9: Not Started
A10: GATE-MVP | B10: MVP capabilities demonstrated | C10: AI Engineering | D10: Required approval or test evidence | E10: Program Plan | F10: Not Started
A11: GATE-MVP | B11: Benchmark dataset approved | C11: SRE Lead | D11: Required approval or test evidence | E11: Program Plan | F11: Not Started
A12: GATE-MVP | B12: Accuracy evaluation completed | C12: QA Lead | D12: Required approval or test evidence | E12: Program Plan | F12: Not Started
A13: GATE-MVP | B13: Security and access tests passed | C13: Security Lead | D13: Required approval or test evidence | E13: Program Plan | F13: Not Started
A14: GATE-MVP | B14: Evidence and confidence displayed | C14: AI Engineering | D14: Required approval or test evidence | E14: Program Plan | F14: Not Started
A15: GATE-PILOT | B15: Recommendation accuracy >= 80% | C15: SRE Lead | D15: Required approval or test evidence | E15: Program Plan | F15: Not Started
A16: GATE-PILOT | B16: Positive responder feedback | C16: Change Lead | D16: Required approval or test evidence | E16: Program Plan | F16: Not Started
... A29: GATE-CLOSE | B29: Operational handoff complete | C29: Executive Sponsor | D29: Required approval or test evidence | E29: Program Plan | F29: Not Started

Sheet Critical Dependencies
A1: Critical Dependency Register
A2: Technical, data, security, operational and adoption dependencies.
A4: ID | B4: Category | C4: Dependency | D4: Provider / Owner | E4: Blocks Task | F4: Needed By Wk | G4: Latest Start Wk | H4: Urgency | I4: Capability / Phase | J4: Mitigation / Action | K4: Status | L4: RAG
A5: D-01 | B5: Technical | C5: Read-only API access to monitoring tools | D5: Monitoring Platform Owner | E5: PV-02 | F5: 3 | G5: 3 | H5: Start at kickoff | I5: All | J5: Confirm API scopes and rate limits; use test tenant | K5: Not Started | L5: Red
A6: D-02 | B6: Technical | C6: Incident platform integration and event schema | D6: ServiceNow/PagerDuty Owner | E6: PV-02 | F6: 3 | G6: 3 | H6: Start at kickoff | I6: All | J6: Agree incident fields, webhooks and sandbox access | K6: Not Started | L6: Red
A7: D-03 | B7: Data | C7: CMDB and service ownership data quality | D7: CMDB Owner | E7: PV-05 | F7: 3 | G7: 3 | H7: Month 1 | I7: Ownership | J7: Data profiling, owner attestation and exception queue | K7: Not Started | L7: Red
A8: D-04 | B8: Knowledge | C8: Runbooks, RCAs and incident records are searchable and current | D8: Knowledge Manager | E8: PV-03 | F8: 3 | G8: 3 | H8: Month 1 | I8: Knowledge | J8: Content curation, metadata standards and freshness SLA | K8: Not Started | L8: Amber
A9: D-05 | B9: Security | C9: RBAC, privacy, audit and retention approval | D9: Security Lead | E9: PV-08 | F9: 4 | G9: 4 | H9: Month 1 | I9: All | J9: Security embedded from discovery | K9: Not Started | L9: Red
A10: D-06 | B10: AI | C10: Enterprise AI platform and model access | D10: AI Platform Owner | E10: PV-01 | F10: 3 | G10: 3 | H10: Start at kickoff | I10: All | J10: Approve model, capacity, logging and data boundaries | K10: Not Started | L10: Amber
A11: D-07 | B11: Operations | C11: Incident Commander and SRE availability for pilot | D11: SRE Leadership | E11: PL-01 | F11: 5 | G11: 5 | H11: Month 2 | I11: Pilot | J11: Pre-book cohort and delegate alternates | K11: Not Started | L11: Amber
A12: D-08 | B12: Data | C12: Representative historical incident benchmark set | D12: SRE / Data Analyst | E12: PV-09 | F12: 4 | G12: 4 | H12: Month 1 | I12: Quality | J12: Sample across services, severities and failure modes | K12: Not Started | L12: Amber
A13: D-09 | B13: Integration | C13: On-call schedules and escalation contacts accessible | D13: On-call Platform Owner | E13: PV-05 | F13: 3 | G13: 3 | H13: Month 1 | I13: Ownership | J13: Validate roster freshness and fallback contacts | K13: Not Started | L13: Amber
A14: D-10 | B14: Change | C14: Deployment and change history correlation data available | D14: Change Management | E14: PR-02 | F14: 8 | G14: 8 | H14: Month 2 | I14: Change Correlation | J14: Standardize timestamps and service identifiers | K14: Not Started | L14: Amber
A15: D-11 | B15: Adoption | C15: Responder training and operating procedure approval | D15: Change Lead | E15: PR-04 | F15: 8 | G15: 8 | H15: Month 2 | I15: Rollout | J15: Role-based training and pilot champions | K15: Not Started | L15: Green
A16: D-12 | B16: Governance | C16: Human-in-the-loop and evidence requirements remain mandatory | D16: SRE / Security | E16: All | F16: All weeks | G16: W1 | H16: Always | I16: All | J16: No production action endpoints; audit recommendations | K16: Not Started | L16: Green

Sheet RAID Register
A1: Top Program Risks
A2: AI quality, security, adoption, integration, operations and governance risks.
A4: ID | B4: Category | C4: Risk | D4: Impact | E4: Linked Tasks | F4: Score | G4: RAG | H4: Mitigation | I4: Contingency | J4: Early Warning | K4: Owner | L4: Due Week | M4: Residual RAG | N4: Status | O4: TPM Notes
A5: R-01 | B5: AI Quality | C5: Incorrect ownership recommendations | D5: Delayed response | E5: PV-05, PL-04 | F5: 16 | G5: Red | H5: Human validation; benchmark testing; confidence scoring | I5: Route to Incident Commander and manual resolver lookup | J5: Accuracy <80% | K5: AI Engineering | L5: 5 | M5: Amber | N5: Open
A6: R-02 | B6: AI Quality | C6: Hallucinated conclusions or unsupported recommendations | D6: Incorrect troubleshooting | E6: PV-07, PV-10 | F6: 16 | G6: Red | H6: Evidence-based outputs; citations; abstain below threshold | I6: Disable affected capability and use standard workflow | J6: Unsupported claim found | K6: AI Engineering / SRE | L6: 5 | M6: Amber | N6: Open
A7: R-03 | B7: Adoption | C7: Low engineer trust and poor usage | D7: Reduced adoption | E7: PL-02, PL-06 | F7: 12 | G7: Amber | H7: Transparency, responder champions, feedback loop | I7: Extend pilot and simplify outputs | J7: Acceptance rate below target | K7: Change Lead | L7: 8 | M7: Amber | N7: Open
A8: R-04 | B8: Security | C8: Sensitive incident data exposed to unauthorized users | D8: Compliance impact | E8: DD-04, PV-08 | F8: 16 | G8: Red | H8: RBAC, read-only access, audit logging and retention controls | I8: Suspend integration and perform security review | J8: Access-control violation | K8: Security Lead | L8: 4 | M8: Amber | N8: Open
A9: R-05 | B9: Knowledge | C9: Incomplete or stale CMDB, runbooks and ownership data | D9: Poor recommendations | E9: PV-03, PV-05 | F9: 15 | G9: Red | H9: Content curation, freshness SLAs and owner attestation | I9: Show uncertainty and route exceptions manually | J9: High no-match rate | K9: Knowledge Manager | L9: 4 | M9: Amber | N9: Open
A10: R-06 | B10: Model Governance | C10: Model drift reduces quality over time | D10: Decreasing accuracy | E10: OP-05 | F10: 12 | G10: Amber | H10: Quarterly review, drift monitoring and retraining | I10: Rollback model/version and recalibrate | J10: Accuracy trend declines | K10: AI Engineering | L10: 14 | M10: Green | N10: Open
A11: R-07 | B11: Integration | C11: API limits or connector outages delay context gathering | D11: Incomplete incident brief | E11: PV-02, PR-02 | F11: 12 | G11: Amber | H11: Caching, retries, health monitoring and graceful degradation | I11: Fallback to manual source access | J11: Connector latency/error spike | K11: Integration Engineering | L11: 4 | M11: Green | N11: Open
A12: R-08 | B12: Operations | C12: AI output distracts responders during Sev-1 incidents | D12: Slower response | E12: PR-06 | F12: 15 | G12: Red | H12: Concise output, confidence thresholds, IC-controlled use | I12: Disable AI panel for active incident | J12: Responder reports noise | K12: SRE Lead | L12: 11 | M12: Amber | N12: Open
A13: R-09 | B13: Measurement | C13: Insufficient incident sample size obscures KPI impact | D13: Unclear value | E13: PL-04, PR-08 | F13: 9 | G13: Amber | H13: Define measurement window and compare matched incidents | I13: Extend measurement period | J13: High metric variance | K13: TPM / Data Analyst | L13: 8 | M13: Green | N13: Open
A14: R-10 | B14: Scope | C14: Pressure to add autonomous remediation | D14: Additional production risk | E14: All | F14: 16 | G14: Red | H14: Enforce non-negotiable scope and architecture controls | I14: Steering Committee scope decision | J14: Action endpoint requested | K14: TPM / Security | L14: 16 | M14: Green | N14: Open

Sheet KPI Scorecard
A1: KPI & Benefits Scorecard
A2: Baselines and targets are from the AI-Assisted Incident Management Program Plan.
A4: Metric | B4: Category | C4: Baseline | D4: Target | E4: Pilot Actual | F4: Production Actual | G4: Target Met? | H4: Data Owner | I4: Measurement Method | J4: Notes
A5: MTTR | B5: Operational | C5: 120 min | D5: 84 min | H5: SRE Lead | I5: Median MTTR for in-scope incidents | J5: 30% reduction target
A6: Ownership Identification | B6: Operational | C6: 20 min | D6: < 5 min | H6: Incident Management | I6: Time from creation to correct resolver ownership | J6: 75% reduction target
A7: Context Gathering | B7: Operational | C7: 30 min | D7: < 3 min | H7: SRE Lead | I7: Time to approved incident brief
A8: Executive Updates | B8: Communication | C8: 15 min | D8: < 2 min | H8: Incident Commander | I8: Time to first approved executive update | J8: AI drafts; human approval
A9: RCA Creation | B9: Post-Incident | C9: 4 hrs | D9: < 30 min | H9: Problem Management | I9: Time to first reviewable RCA draft | J9: Engineering review required
A10: Escalation Accuracy | B10: Quality | C10: 70% | D10: > 90% | H10: Incident Management | I10: Correct resolver recommendation rate
A11: Runbook Utilization | B11: Adoption | C11: 40% | D11: > 80% | H11: Knowledge Manager | I11: Incidents where recommended runbook was used
A12: Recommendation Accuracy | B12: Quality | C12: TBD | D12: >= 80% | H12: SRE / QA | I12: Benchmark and pilot evaluation | J12: Pilot exit criterion
A13: AI Usage Rate | B13: Adoption | C13: TBD | D13: Majority of Sev-1/2 | H13: TPM | I13: Eligible incidents using the agent | J13: Usage alone is not success
A14: Responder Satisfaction | B14: Adoption | C14: TBD | D14: Positive feedback | H14: Change Lead | I14: Post-incident survey
